sensor,svf
201,0.6328643258545654
202,0.24064731482655174
203,0.14472472218701146
204,0.8516438008507418
205,0.9790401788460004
206,0.6906620756119288
207,0.5546142175392568
